firstName,lastName,email,gender,address,phoneNumber
Rowena,Pindell,rpindell0@chicagotribune.com,Female,4 Amoth Center,+593 435 396 8692
Alvina,Pothecary,apothecary1@edublogs.org,Female,350 Morningstar Court,+236 838 395 7151
Marlin,Soanes,msoanes2@un.org,Female,3131 Lawn Center,+48 614 808 1396
Halie,Gibbe,hgibbe3@wired.com,Female,6846 Upham Parkway,+216 504 223 4727
Sidnee,Zellmer,szellmer4@comsenz.com,Male,947 Delladonna Avenue,+57 275 863 0916
Bernadene,Southerill,bsoutherill5@vkontakte.ru,Female,98817 Rutledge Alley,+1 602 966 4964
Elisabeth,Zaniolini,ezaniolini6@state.gov,Female,22 Burrows Circle,+46 257 275 2280
Thalia,Hegden,thegden7@privacy.gov.au,Female,10339 Lukken Point,+51 844 356 5333
Laure,Chicken,lchicken8@sphinn.com,Male,461 Milwaukee Place,+1 214 767 4908
Poppy,Langland,plangland9@trellian.com,Female,3745 Laurel Place,+62 834 738 7434
Joe,McKevin,jmckevina@ft.com,Female,28310 Lillian Crossing,+55 922 938 3778
Jerrilee,Ather,jatherb@irs.gov,Male,38008 Vidon Street,+351 633 415 8852
Joeann,Reason,jreasonc@barnesandnoble.com,Female,5 Alpine Avenue,+63 133 773 4402
Forest,McAne,fmcaned@deviantart.com,Male,0001 Hoffman Plaza,+62 891 233 8645
Anne,MacDearmaid,amacdearmaide@squidoo.com,Female,2 Bowman Street,+62 786 817 1886
Gal,Buckerfield,gbuckerfieldf@vk.com,Male,4471 Lighthouse Bay Pass,+86 864 305 1999
Nev,Lyptratt,nlyptrattg@wix.com,Male,427 Old Gate Place,+86 972 261 7694
Armstrong,Throughton,athroughtonh@buzzfeed.com,Female,5301 Lighthouse Bay Parkway,+62 874 522 1559
Michaeline,Adenot,madenoti@hud.gov,Male,04 Lake View Lane,+7 216 480 5063
Krishna,Garrioch,kgarriochj@wikimedia.org,Female,2697 Washington Street,+351 413 920 7709
Vale,Hackin,vhackink@redcross.org,Male,23 Crownhardt Plaza,+86 348 844 5846
Barb,Tran,btranl@cloudflare.com,Female,78103 Southridge Avenue,+7 498 404 8298
Ulrika,Huggins,uhugginsm@bbb.org,Female,7 Raven Place,+86 782 488 4080
Jeri,Fessler,jfesslern@nyu.edu,Male,85117 Thompson Court,+62 789 471 8828
Germaine,Gimblet,ggimbleto@blogspot.com,Female,881 Sauthoff Place,+62 395 764 5360
Chrissy,Skade,cskadep@issuu.com,Female,74816 Glendale Point,+62 209 731 0288
Tandie,Bonsale,tbonsaleq@tiny.cc,Female,848 Brentwood Court,+55 576 778 0149
Konrad,Kovnot,kkovnotr@opensource.org,Male,6072 Spohn Pass,+46 962 830 6955
Ced,Wetherhead,cwetherheads@histats.com,Female,890 Monument Court,+7 523 924 0928
Kassia,Blannin,kblannint@a8.net,Male,309 Burning Wood Parkway,+48 704 720 4447
Meggy,Cromie,mcromieu@tamu.edu,Female,8709 Florence Parkway,+86 348 695 2750
Jami,Shirtliff,jshirtliffv@soundcloud.com,Female,0784 Melvin Avenue,+86 809 537 2089
Jacqueline,Marsay,jmarsayw@wunderground.com,Male,3 South Park,+967 527 797 5929
Donetta,Dollman,ddollmanx@gnu.org,Male,65 Autumn Leaf Drive,+51 826 249 8333
Rois,Donovin,rdonoviny@google.es,Female,6 Rockefeller Crossing,+504 692 147 4087
Sunny,Eynald,seynaldz@usatoday.com,Female,316 Summit Place,+46 925 233 4545
Melisande,Wesley,mwesley10@weather.com,Female,7 Saint Paul Way,+62 188 465 4818
Adriaens,Le Marquand,alemarquand11@godaddy.com,Female,4343 La Follette Point,+86 167 381 5728
Immanuel,Dowling,idowling12@dropbox.com,Female,4 Petterle Road,+1 598 886 2097
Jan,Tilliards,jtilliards13@fema.gov,Male,98891 Rieder Plaza,+1 518 961 2943
Brietta,Locke,blocke14@narod.ru,Male,7890 Welch Way,+34 480 139 5228
Dory,Dandison,ddandison15@house.gov,Female,5595 Forest Run Park,+998 372 846 1886
Lisabeth,Tunesi,ltunesi16@ustream.tv,Female,83 Westridge Crossing,+62 326 393 8845
Lexine,Aldhouse,laldhouse17@elegantthemes.com,Male,15 Division Road,+269 237 428 6743
Joannes,Giraldez,jgiraldez18@europa.eu,Female,38738 Charing Cross Junction,+82 446 896 6752
Genni,Savege,gsavege19@surveymonkey.com,Male,095 Grasskamp Circle,+55 346 677 9255
Lilly,Thorouggood,lthorouggood1a@wordpress.org,Male,487 Eagan Court,+86 169 409 5465
Moishe,Jaime,mjaime1b@wordpress.org,Male,543 Havey Crossing,+55 275 411 5273
Nataline,Putland,nputland1c@com.com,Male,7 Fuller Avenue,+33 151 560 0811
Thorin,Mayston,tmayston1d@patch.com,Male,33 Rieder Place,+86 155 714 5429
